submission_id,date_submitted,mentee_id,mentee_name,county,facility,facility_code,mentorship_activity,topic
trk-001,2025-01-05 09:00:00,m-01,Jane Doe,Muranga,Kangema HC,1001,cmes,CME 01
trk-002,2025-01-06 09:00:00,m-01,Jane Doe,Muranga,Kangema HC,1001,cmes,CME 02
trk-003,2025-01-07 09:00:00,m-01,Jane Doe,Muranga,Kangema HC,1001,cmes,CME 03
trk-004,2025-01-08 09:00:00,m-01,Jane Doe,Muranga,Kangema HC,1001,cmes,CME 04
trk-005,2025-01-09 09:00:00,m-01,Jane Doe,Muranga,Kangema HC,1001,cmes,CME 05
trk-006,2025-01-10 09:00:00,m-01,Jane Doe,Muranga,Kangema HC,1001,cmes,CME 06
trk-007,2025-01-11 09:00:00,m-01,Jane Doe,Muranga,Kangema HC,1001,cmes,CME 07
trk-008,2025-01-12 09:00:00,m-01,Jane Doe,Muranga,Kangema HC,1001,cmes,CME 08
trk-009,2025-01-13 09:00:00,m-01,Jane Doe,Muranga,Kangema HC,1001,cmes,CME 09
trk-010,2025-01-14 09:00:00,m-01,Jane Doe,Muranga,Kangema HC,1001,cmes,CME 10
trk-011,2025-01-15 09:00:00,m-01,Jane Doe,Muranga,Kangema HC,1001,cmes,CME 11
trk-012,2025-02-01 09:00:00,m-01,Jane Doe,Muranga,Kangema HC,1001,drills,Drill 01
trk-013,2025-02-02 09:00:00,m-01,Jane Doe,Muranga,Kangema HC,1001,drills,Drill 02
trk-014,2025-02-03 09:00:00,m-01,Jane Doe,Muranga,Kangema HC,1001,drills,Drill 03
trk-015,2025-02-04 09:00:00,m-01,Jane Doe,Muranga,Kangema HC,1001,drills,Drill 04
trk-016,2025-02-05 09:00:00,m-01,Jane Doe,Muranga,Kangema HC,1001,drills,Drill 05
trk-017,2025-03-01 09:00:00,m-01,Jane Doe,Muranga,Kangema HC,1001,skill_demos_mentor,Skill 01
trk-018,2025-03-02 09:00:00,m-01,Jane Doe,Muranga,Kangema HC,1001,skill_demos_mentor,Skill 02
trk-019,2025-03-03 09:00:00,m-01,Jane Doe,Muranga,Kangema HC,1001,skill_demos_mentor,Skill 03
trk-020,2025-03-04 09:00:00,m-01,Jane Doe,Muranga,Kangema HC,1001,skill_demos_mentor,Skill 04
trk-021,2025-03-05 09:00:00,m-01,Jane Doe,Muranga,Kangema HC,1001,skill_demos_mentor,Skill 05
trk-022,2025-03-06 09:00:00,m-01,Jane Doe,Muranga,Kangema HC,1001,skill_demos_mentor,Skill 06
trk-023,2025-03-07 09:00:00,m-01,Jane Doe,Muranga,Kangema HC,1001,skill_demos_mentor,Skill 07
trk-024,2025-03-08 09:00:00,m-01,Jane Doe,Muranga,Kangema HC,1001,skill_demos_mentor,Skill 08
trk-025,2025-03-09 09:00:00,m-01,Jane Doe,Muranga,Kangema HC,1001,skill_demos_mentor,Skill 09
trk-026,2025-03-10 09:00:00,m-01,Jane Doe,Muranga,Kangema HC,1001,skill_demos_mentor,Skill 10
trk-027,2025-03-11 09:00:00,m-01,Jane Doe,Muranga,Kangema HC,1001,skill_demos_mentor,Skill 11
trk-028,2025-03-12 09:00:00,m-01,Jane Doe,Muranga,Kangema HC,1001,skill_demos_mentor,Skill 12
trk-029,2025-03-13 09:00:00,m-01,Jane Doe,Muranga,Kangema HC,1001,skill_demos_mentor,Skill 13
trk-030,2025-03-14 09:00:00,m-01,Jane Doe,Muranga,Kangema HC,1001,skill_demos_mentor,Skill 14
trk-031,2025-03-15 09:00:00,m-01,Jane Doe,Muranga,Kangema HC,1001,skill_demos_mentor,Skill 15
trk-032,2025-03-16 09:00:00,m-01,Jane Doe,Muranga,Kangema HC,1001,skill_demos_mentor,Skill 16
trk-033,2025-03-17 09:00:00,m-01,Jane Doe,Muranga,Kangema HC,1001,skill_demos_mentor,Skill 17
trk-034,2025-03-18 09:00:00,m-01,Jane Doe,Muranga,Kangema HC,1001,skill_demos_mentor,Skill 18
trk-035,2025-04-01 09:00:00,m-01,Jane Doe,Muranga,Kangema HC,1001,skills_demos_mentee,Skill 01
trk-036,2025-04-02 09:00:00,m-01,Jane Doe,Muranga,Kangema HC,1001,skills_demos_mentee,Skill 02
trk-037,2025-04-03 09:00:00,m-01,Jane Doe,Muranga,Kangema HC,1001,skills_demos_mentee,Skill 03
trk-038,2025-04-04 09:00:00,m-01,Jane Doe,Muranga,Kangema HC,1001,skills_demos_mentee,Skill 04
trk-039,2025-04-05 09:00:00,m-01,Jane Doe,Muranga,Kangema HC,1001,skills_demos_mentee,Skill 05
trk-040,2025-04-06 09:00:00,m-01,Jane Doe,Muranga,Kangema HC,1001,skills_demos_mentee,Skill 06
trk-041,2025-04-07 09:00:00,m-01,Jane Doe,Muranga,Kangema HC,1001,skills_demos_mentee,Skill 07
trk-042,2025-04-08 09:00:00,m-01,Jane Doe,Muranga,Kangema HC,1001,skills_demos_mentee,Skill 08
trk-043,2025-04-09 09:00:00,m-01,Jane Doe,Muranga,Kangema HC,1001,skills_demos_mentee,Skill 09
trk-044,2025-04-10 09:00:00,m-01,Jane Doe,Muranga,Kangema HC,1001,skills_demos_mentee,Skill 10
trk-045,2025-04-11 09:00:00,m-01,Jane Doe,Muranga,Kangema HC,1001,skills_demos_mentee,Skill 11
trk-046,2025-04-12 09:00:00,m-01,Jane Doe,Muranga,Kangema HC,1001,skills_demos_mentee,Skill 12
trk-047,2025-04-13 09:00:00,m-01,Jane Doe,Muranga,Kangema HC,1001,skills_demos_mentee,Skill 13
trk-048,2025-04-14 09:00:00,m-01,Jane Doe,Muranga,Kangema HC,1001,skills_demos_mentee,Skill 14
trk-049,2025-04-15 09:00:00,m-01,Jane Doe,Muranga,Kangema HC,1001,skills_demos_mentee,Skill 15
trk-050,2025-04-16 09:00:00,m-01,Jane Doe,Muranga,Kangema HC,1001,skills_demos_mentee,Skill 16
trk-051,2025-04-17 09:00:00,m-01,Jane Doe,Muranga,Kangema HC,1001,skills_demos_mentee,Skill 17
trk-052,2025-04-18 09:00:00,m-01,Jane Doe,Muranga,Kangema HC,1001,skills_demos_mentee,Skill 18
trk-053,2025-04-20 09:00:00,m-01,Jane Doe,Muranga,Kangema HC,1001,video_case_scenarios,Labor Monitoring
trk-054,2026-05-01 09:00:00,m-02,John Roe,Makueni,Makindu SCH,2002,cmes,CME 01
trk-055,2026-05-02 09:00:00,m-02,John Roe,Makueni,Makindu SCH,2002,cmes,CME 02
trk-056,2026-05-03 09:00:00,m-02,John Roe,Makueni,Makindu SCH,2002,drills,Drill 01
trk-057,2026-06-01 09:00:00,m-03,Fact Only,Mombasa,Port Reitz,3001,cmes,CME 01
